Melan.A,MAGE.A3,GP100,MAGE.A10,PHLPP2,HHAT,ZCCHC11,SCL25A48,MUC1,MMP9,UTP20,Influenza.A.PB1,EBV.BMLF1,hCMV.pp65,hCMV.pp65.2
CSARDVGLGIYEQYFG,CASSLDRATNEKLFFG,CASSMGQLILGYEQYFG,CASIGLAKNIQYFG,CASTLSTGQGIYGYTFG,CASSQDAETQYFG,CASSWDSGYEQYFG,CASSIARVTEAFFG,CASSVGSYNEQFFG,CASFFSGGGTDTQYFG,CASSDSTAKETQYFG,CATSGRSGDTQYFG,CASSPGGQSTDTQYFG,CASSLAPGATNEKLFFG,CASSSLATSTDTQYFG
CASSLDPSGSPNEQFFG,CASSLDRATNEKLFFG,CASSELERLKVYNSPLHFG,CASSFGGSSYEQYFG,CASTLSTGQGIYGYTFG,CASSQDAETQYFG,CASSWDSGYEQYFG,CASSIGKTGKLFFG,CASSVGSYNEQFFG,CSASRADTYEQYFG,CASSQEESYEQYFG,CASSLDGQGPLYGYTFG,CASSENVGIGANVLTFG,CASSLNGGLPETQYFG,CASSSLATSTDTQYFG
CSARDVGLGIYEQYFG,CASSLDRATNEKLFFG,CASSMGQLILGYEQYFG,CASSPVWAGAYNEQFFG,CASTLSTGQGIYGYTFG,CASSQDAETQYFG,CASSWDSGYEQYFG,,CASSVGSYNEQFFG,CASTDTDTQYFG,CASSLGGGRDTQYFG,CASSTRSSYEQYFG,CASSENVGIGANVLTFG,CASSLNGGLPETQYFG,CASSSLATSTDTQYFG
CASSQGDLAWIPTEAFFG,CASSLDRATNEKLFFG,CASSMGQLILGYEQYFG,CASSPVWAGAYNEQFFG,CASTLSTGQGIYGYTFG,CASSRTSPTDTQYFG,CASSWDSGYEQYFG,,CASSVGSYNEQFFG,CASFFSGGGTDTQYFG,CASSFQTGWNEQFFG,,CASSPGGQSTDTQYFG,CASSLNGGLPETQYFG,CASSSLATSTDTQYFG
CASSLDPSGSPNEQFFG,,CASSMGQLILGYEQYFG,CASSPVWAGAYNEQFFG,CASTLSTGQGIYGYTFG,CASSRTSPTDTQYFG,CASSLDIGTYEQFFG,,,CASSLGQETQYFG,,,CASSENVGIGANVLTFG,CSARDNTVANYGYTFG,CASSQDGTNYGYTFG
CSARDVGLGIYEQYFG,,CASSELERLKVYNSPLHFG,CASIGLAKNIQYFG,CASTLSTGQGIYGYTFG,,CASSLAGLNTEAFFG,,,CASSPIAGGTDTQYFG,,,CASSENVGIGANVLTFG,CSARDNTVANYGYTFG,CASSSLATSTDTQYFG
CSASPGLAEQFFG,,CASSMGQLILGYEQYFG,CASIGLAKNIQYFG,CAISGGSVGEQYFG,,,,,CASSPIAGGTDTQYFG,,,CASSENVGIGANVLTFG,CSARDNTVANYGYTFG,CASSEEETGGSPLHFG
CASSQDTGLSSYNEQFFG,,CASSITTSGGYEQYFG,CASSFGGSSYEQYFG,CAISGGSVGEQYFG,,,,,CASSPIAGGTDTQYFG,,,CASSENVGIGANVLTFG,,CASMGGAYNEQFFG
CASSELGLAGNEQFFG,,CASSYRGNSPLHFG,CASIGLAKNIQYFG,CAISGGSVGEQYFG,,,,,CASSLGGGRDEQYFG,,,CASSENVGIGANVLTFG,,CASSSLATSTDTQYFG
CSAERGLGQPQHFG,,CASSLRLAATIYNEQFFG,CASSFGGSSYEQYFG,CAISGGSVGEQYFG,,,,,,,,CASSENVGIGANVLTFG,,
CASTSGELGQPQHFG,,CASSARGYASPLHFG,CASSPVWAGAYNEQFFG,CAISGGSVGEQYFG,,,,,,,,CASSENVGIGANVLTFG,,
CASSLSGLAGVEQYFG,,,CASSPVWAGAYNEQFFG,CAISGGSVGEQYFG,,,,,,,,CASSPGGQSTDTQYFG,,
CASKWGALMNTEAFFG,,,CASSFGGSSYEQYFG,CAISGGSVGEQYFG,,,,,,,,CSARDRGLGNTIYFG,,
CASSSLGATYEQYFG,,,CASSFGGSSYEQYFG,CAISGGSVGEQYFG,,,,,,,,CASSENVGIGANVLTFG,,
CASSWTSGSPSEQFFG,,,,CAISGGSVGEQYFG,,,,,,,,CASSPGGQSTDTQYFG,,
CASSLFSGSSGELFFG,,,,CAISGGSVGEQYFG,,,,,,,,CSARDRGLGNTIYFG,,
CASSQGSLAGSEQYFG,,,,CAISGGSVGEQYFG,,,,,,,,CSARDRGLGNTIYFG,,
CASRVQGLGQPQHFG,,,,CAISGGSVGEQYFG,,,,,,,,CASSPGGQSTDTQYFG,,
CASSELGLAGNEQFFG,,,,CAISGGSVGEQYFG,,,,,,,,CASSPGGQSTDTQYFG,,
CASSELGLAGNEQFFG,,,,CAISGGSVGEQYFG,,,,,,,,CASSENVGIGANVLTFG,,
,,,,CAISGGSVGEQYFG,,,,,,,,CASSENVGIGANVLTFG,,
,,,,CAISGGSVGEQYFG,,,,,,,,CASSPGGQSTDTQYFG,,
,,,,CAISGGSVGEQYFG,,,,,,,,CASSENVGIGANVLTFG,,
,,,,CAISGGSVGEQYFG,,,,,,,,CASSENVGIGANVLTFG,,
,,,,CAISGGSVGEQYFG,,,,,,,,CASSENVGIGANVLTFG,,
,,,,CAISGGSVGEQYFG,,,,,,,,CASSENVGIGANVLTFG,,
,,,,,,,,,,,,CASSENVGIGANVLTFG,,
,,,,,,,,,,,,,,
,,,,,,,,,,,,,,
,,,,,,,,,,,,,,
,,,,,,,,,,,,,,
,,,,,,,,,,,,,,
,,,,,,,,,,,,,,
,,,,,,,,,,,,,,
,,,,,,,,,,,,,,
,,,,,,,,,,,,,,
,,,,,,,,,,,,,,
,,,,,,,,,,,,,,
,,,,,,,,,,,,,,
,,,,,,,,,,,,,,
,,,,,,,,,,,,,,