id,louvain_cluster,spectral_cluster,kmeans_cluster
CASSLDSSGGNEQYF,0,4,2
CASSLDSSSGNTIYF,0,4,2
CASIDSSGNTLYF,1,4,2
CASSLVSSGANVLTF,0,4,2
CASSDSGEAGELFF,2,0,0
CASSSQGAAGELFF,2,0,0
CASSLELAAWETQYF,1,4,2
CASSVELAGTYEQYF,1,4,2
CASSSRHEGEDTEAFF,3,0,2
CASSRDLGRDTQYF,3,0,2
CASSLIGVSSYNEQFF,4,0,3
CASSITLSSYNEQFF,4,0,3
CASSLAVLSSYNEQFF,4,0,3
CASSVATSGGSQQFF,5,2,2
CASSQAGQGNSPLHF,5,2,2
CASSLKIGEQFF,6,3,1
CASSLVGGEQYF,6,1,1
CASSARTGELFF,6,3,1
CASSPVTGGIYGYTF,7,1,4
CASSPSTGTIYGYTF,7,1,4
CASSYPGGGFYEQYF,7,1,4
CASSWGQGSNYGYTF,4,0,2
CSANDRTSGSNYNEQFF,4,0,2
CASNGQGDTEAFF,8,0,2
CASSFGQSSTYGYTF,4,0,3
CASSLGQGLLYGYTF,4,0,2
CASSQVLVGETQYF,9,4,2
CASSLGALGETQYF,9,4,2
CASSVLAGDTQYF,9,4,2
CASSQTQLWETQYF,9,4,2
CASSWVPPGQGRTGELFF,10,3,2
CASSPAGQGGYEQYF,10,3,2
CASSQGPQVRGADTQYF,8,0,2
CASGGQGRAEQFF,8,0,2
CASSDDRGPYEQYF,11,1,4
CASSYDRGPREGYTF,11,1,4
CASAQIGPYEQYF,11,1,4
CASRIWDGGASTDTQYF,12,2,2
CSVGGSGGADTQYF,12,2,2
CASSYWDRTTSGNTIYF,12,2,2
CASSIGQGKSSYEQYF,12,2,2
CTCSAAPDWGASAETLYF,12,2,2
CASSDAGGRNTLYF,13,3,2
CASSQEGGGETQYF,13,3,2
CASSPGGGMNTEAFF,13,3,2
CASSLVGGRHGYTF,13,3,2
CASSAGLDAEQYF,2,0,0
CASSLGIDAIYF,2,0,0
CASSQGQDTEAFF,2,0,0
CASSSRTGDQETQYF,32,1,4
CASSIFGQREQYF,32,1,4
CASSDLNSPLHF,15,4,2
CASSDGGSPQFF,15,4,2
CASSGTHNEQFF,5,2,2
CASSIGQYEQYF,5,2,2
CASSRANYEQYF,5,2,2
CASSRGHPLQFF,5,2,2
CASSQWGGQPQHF,16,1,1
CASSLYGGQPQHF,16,1,1
CASSDGDYEQYF,17,2,2
CASSQGSYEQYF,17,2,2
CASSQARDRGNGYTF,18,0,3
CASSVRSTGELFF,18,0,3
CASSPGTFRYTF,19,0,3
CASSSGIYGYTF,19,0,3
CASSLSRASGNTLYF,20,0,0
CASSSRASYEQYF,20,0,0
CASSLSWGPGNTIYF,20,0,0
CTCSAGLGYEQYF,10,3,2
CASTLAGVGYEQFF,10,3,2
CASSLGAANYNEQFF,1,4,2
CASSLGQTNYGYTF,1,4,2
CASSPTDRGNTGELFF,21,1,4
CASSPGDRGKTNEQFF,21,1,4
CASSPYPRGGTGELFF,21,1,4
CASSFDRGTGNTIYF,21,1,4
CASSFGQRDRGYWRNTEAFF,21,1,4
CASSPHPGTSGGASYNEQFF,8,0,2
CASILGTSGREPYEQYF,8,0,2
CASSLGGAGGADTQYF,8,0,2
CASSLGGNLYEQYF,22,1,2
CASSLPGTAYEQYF,22,1,2
CASSLVGGPSVQFF,13,3,2
CASSLLGGWSEAFF,13,3,2
CASSVAGTPSYEQYF,13,3,2
CASSYLNRDSALDF,13,3,2
CSAGTGSANTEAFF,32,1,4
CASSRTSATGELFF,32,1,4
CASRGLSNTGELFF,32,1,4
CASSIVRGQRETKNIQYF,23,3,2
CASSLEGRREGETQYF,23,3,2
CASGGLGGDEQYF,8,0,2
CASSANPGDSSNEKLFF,12,2,2
CASSLGQGKSSYEQYF,12,2,2
CASSQDRDTQYF,15,4,2
CASSQDRHTEAFF,15,4,2
CASSLLTDTQYF,15,4,2
CASSLQVWNEQFF,2,3,0
CASSLGLENEQFF,2,3,0
CASSYAQGNEQFF,6,2,1
CASSFLQGEKLFF,6,2,1
CASSVEGQGDTEAFF,3,0,2
CASSLEIQGSGAFF,3,0,2
CASSSHERQGQNSPLHF,3,0,2
CASTQGSTDTQYF,3,0,2
CSAPFPGQGDYGYTF,3,0,2
CASSLASRVGSPLHF,24,4,2
CASSLADRVNTEAFF,24,4,2
CSVEGLGRAVTQYF,12,2,2
CASSEGLGGALYGYTF,12,2,2
CASSDRDRGGNQPQHF,21,1,4
CASRQEGRPMNTEAFF,13,3,2
CASSEGLWQVGDEQYF,9,4,2
CSASPERGTSVGTDTQYF,9,4,2
CASSIVAGAGAGELFF,10,3,2
CASSTILGPGANVLTF,10,3,2
CASRTLAGPNTGELFF,10,3,2
CASSQGLAGEVYTGELFF,10,3,2
CSAEGLAGGKNTGELFF,10,3,2
CASGAPGTPYNEQFF,10,3,2
CASSFARTRWEQYF,2,3,2
CASSEARRYNEQFF,2,3,2
CASSFLGTGVEQYF,2,3,2
CASSITLGTGGVEQYF,22,1,2
CASSFTLGTGGVEQYF,22,1,2
CASSTTPGTGTETQYF,22,1,2
CASSQDRASGEYEQYF,9,4,2
CASSQDLASGTYNEQFF,9,4,2
CASSAGTSGEYEQYF,9,4,2
CASSHGASTDTQYF,3,0,3
CASTRESTDTQYF,3,0,3
CASSIRSTDTQYF,3,0,3
CAAGTRTDTQYF,20,0,0
CASRGTGGGSGQPQHF,20,0,0
CASSVRSTDTQYF,3,0,3
CASSHWDRETSGNTIYF,12,2,2
CASSSGQAYEQYF,2,0,0
CASSPTSGIYEQYF,32,1,4
CASSSPHRDSYSPLHF,18,0,0
CAISDPRDSYEQYF,18,0,0
CASSLREMGGKAEAFF,25,3,2
CASSPRGRGGREDTQYF,25,3,2
CASSLQRGRTDTQYF,26,1,4
CASSLLTGGTDTQYF,26,1,4
CAISAPRGERDEQYF,26,1,4
CASSHLDRGKKDYEQYF,26,1,4
CASSLGFLGPAAGNTIYF,10,3,2
CASKVGAGGLYEQYF,27,3,2
CASRVGTGNLYEQYF,27,3,2
CASRPRRDNEQFF,20,0,0
CASGLGGSNEQFF,20,0,0
CSARGADTQYF,15,4,2
CASSFGADTQYF,15,4,2
CASSFFGAQQVDGYTF,5,2,2
CASSFRALAADTQYF,5,2,2
CATSATGLRNQPQHF,5,2,2
CASSLYGAGNSPLHF,5,2,2
CSVGGAYEQYF,5,2,2
CASSNRGLGTDTQYF,5,2,2
CASTNRQEGQETQYF,16,1,1
CASMGRDINQPQHF,16,1,1
CASSYASNQPQHF,16,1,1
CASSLYSNQPQHF,16,1,1
CAISTGDSNQPQHF,16,1,1
CSARDLRLLANTGELFF,32,1,4
CASSLRQALRNEQFF,32,1,4
CASGLTGFMDEQYF,24,4,2
CASRGLQGRIDYNEQFF,24,4,2
CSVVQGAECTF,24,4,2
CASSLAQGGETQYF,24,4,2
CASSWGQGKSSYEQYF,12,2,2
CASSIVERAEAFF,32,1,4
CASSSIAGRGEKLFF,32,1,4
CASSQDPGSSYNEQFF,18,0,0
CASSSSGSSYNEQFF,18,0,0
CASSLTGPGDQPQHF,28,1,1
CASSLRGRGDQPQHF,28,1,1
CAISESGTGFEQYF,2,3,2
CASSEDGMNTEAFF,2,3,2
CASSLYGNQPQHF,16,1,1
CSAVGLAGVRSYEQYF,24,4,2
CASGDFWGDTLYF,3,0,2
CASGQGNFDIQYF,3,0,2
CASSSRAAYEQYF,2,0,0
CASSPSRVLYEQYF,2,0,0
CASSIIPDMNTEAFF,1,4,2
CASSMIPDMNTEAFF,1,4,2
CASSNIPDMNTEAFF,1,4,2
CASSVIPDMNTEAFF,1,4,2
CASSFRDSGNTLYF,1,4,2
CASSLNGRADTQYF,28,1,1
CASSPPGREDTEAFF,28,1,1
CASSFIGGTDTQYF,28,1,1
CASSQWGRPQETQYF,28,1,1
CASSESGAGELFF,32,1,4
CASSFQGFTEAFF,32,1,4
CASSSAYYGYTF,19,0,3
CASSSANYGYTF,19,0,3
CASSSAFYGYTF,19,0,3
CASLEGYAAGELFF,23,3,2
CASSVEGGGAKETQYF,23,3,2
CASSPHQEVTEAFF,15,4,2
CASSQQETYEQYF,15,4,2
CASSLGFGRDVMRF,26,1,4
CASSLGEGRVDGYTF,26,1,4
CASSTGQGEGLYSNQPQHF,23,3,2
CASSQGFGANVLTF,23,3,2
CAGRGRPNEKLFF,10,3,2
CSVGTGGTNEKLFF,10,3,2
CASRRTGVVEKLFF,10,3,2
CSAKRNRAYHYGYTF,10,3,2
CWSFAGSYYVF,29,4,2
CASSYSIRGSRGEQFF,29,4,2
CASSLAQQGLAEAFF,0,4,2
CASLAGVRTDTQYF,24,4,2
CASSVAIWRGSYNEQFF,24,4,2
CASSMSAMGTEAFF,2,3,2
CASSVAPGSEGEAFF,24,4,2
CASSVAPGSDTQYF,24,4,2
CASSFDPGSYGYTF,24,4,2
CASTSRAGFNEQFF,6,3,1
CAIDRVGTGELFF,6,3,1
CASGSGLAGNEQFF,6,3,1
CASSARSTGGFGANVLTF,6,3,1
CSILGSNAGPQETQYF,6,3,1
CASSNYPGGARTDTQYF,21,1,4
CASSIYPGQLYNSPLHF,21,1,4
CASSLVLSSPTYEQYF,1,4,2
CASSVAVSAGTYEQYF,1,4,2
CASSLRDGYTGELFF,1,4,2
CASSLGQAYEQYF,2,3,0
CASSQAGQAGELFF,2,3,0
CASSQLEQGGETQYF,2,3,0
CASSLYGSVQNEQFF,4,0,3
CASSLYGSSYNEQFF,4,0,3
CASSLNWSQDTQYF,4,0,3
CSAPGGGGTSYEQYF,28,1,1
CASSDSRANTGELFF,19,0,3
CASSQDRLTGGYTF,19,0,3
CASSLESWGRAYNEQFF,21,1,4
CASSLGDRGRGYGYTF,21,1,4
CASSFRQGEAFF,6,2,1
CASSMGANEQFF,5,2,2
CASSFGVNSDYTF,5,2,2
CAWVPGTGGRAAFF,6,3,1
CASGGGGTLYF,6,3,1
CASSVDPTGGGRQETQYF,6,3,1
CAISEYPPTGRKADTQYF,6,3,1
CASPGLAGEYEQYF,26,1,4
CASRPGLAGGRPEQYF,26,1,4
CASSLSASGGATDTQYF,10,3,2
CASGDASGGNTLYF,10,3,2
CASSFTWTSGGATDTQYF,10,3,2
CASTPRGRGLVYGYTF,25,3,2
CASSRGTGEGYEQYF,25,3,2
CASSYSTGTHLEQYF,7,1,4
CASSYSGTNQPQHF,7,1,4
CASSQEGTGSYEQYF,13,3,2
CASTGAGEGPFF,25,3,2
CASSSGGWGGGTEAFF,25,3,2
CASSFGQGSSPLHF,30,1,1
CASSLGQGNSPLHF,30,1,1
CASSPSRNTEAFF,15,4,2
CASSPHRNTEAFF,29,4,2
CASSPDRGYEQFF,15,4,2
CASSPSREGYTF,0,4,2
CASSLSFGTEAFF,15,4,2
CASSPDIEQYF,17,2,2
CASSSSYEQYF,17,2,2
CASSPEETQYF,17,2,2
CASSWSFGTEAFF,15,4,2
CSGGQDYNEQFF,21,1,4
CSAGGWDRVNQPQHF,21,1,4
CSARDRYNEQFF,21,1,4
CASSWSASYEQYF,31,0,3
CASSFHISYEQYF,31,0,3
CASSPTSGSVYEQFF,4,0,2
CASSHGAAAGETEAFF,1,4,2
CASSQAALAGFGYEQYF,1,4,2
CSARGEAITEKLFF,1,4,2
CASSLSRGWTEAFF,11,1,4
CASSWDRGTGEQYF,11,1,4
CASSQDLFTGGYTF,19,0,3
CASSSHDRDGGYSPLHF,19,0,3
CASTGSYGYTF,19,0,3
CASSTGSYGYTF,19,0,3
CASSSPPSGGGYEQFF,0,4,2
CASSVDSGLGYGYTF,0,4,2
CSATPSGYGYTF,0,4,2
CASSLDLYGYTF,0,4,2
CASSPSDYGYTF,0,4,2
CASSYQGGNYGYTF,7,1,4
CASSDRLENNEKLFF,29,4,2
CASSDRGMNTEAFF,29,4,2
CASSDRDVTGELFF,29,4,2
CASSYGLEANTEAFF,32,1,4
CASSWGLEVNTEAFF,32,1,4
CASSIGPALNTEAFF,32,1,4
CASSLGTGGGYTF,26,1,4
CASSLYRGIGLFF,26,1,4
CASSLTGGGELFF,26,1,4
CASSLGREYGYTF,26,1,1
CASSLASPGHFTGELFF,0,4,2
CASSLDPGDTGELFF,0,4,2
CASSLLGVSYYNEQFF,9,4,2
CASSLAGTSGYTYEQYF,9,4,2
CASSYLGNTGELFF,2,3,2
CASSYVGNTGELFF,25,3,2
CASSLAGFTGELFF,2,3,2
CASSPGGVYGYTF,22,1,4
CASSQVGTVYGYTF,22,1,2
CASSPTGVGEQFF,22,1,4
CASSYGSYEQYF,17,2,2
CASSPGSTEAFF,17,2,2
CAISGQGASYEQYF,20,0,0
CASSLQGASGYTF,28,1,1
CASSLYGADTQYF,28,1,1
CASSPPGLPGYTF,28,1,1
CASAPRRDRGTDTQYF,8,0,2
CASSRRTSGGTDTQYF,8,0,2
CASSEGSLGGGLETQYF,12,2,2
CASVQGGSGGRGSYEQYF,12,2,2
CASSQERGDNTKNTQYF,19,0,3
CASSATGSNTGELFF,19,0,3
CASSGRGSYNEQFF,1,4,2
CASSYRGSGNTIYF,1,4,2
CASSRTGSTYEQYF,1,4,2
CASSTIGPYGELFF,1,4,2
CATSDSAGYNEQFF,19,0,3
CASSSTGLPYGYTF,31,0,3
CASSFGVSYEQYF,31,0,3
CASTREGLNTGELFF,10,3,2
CASSFLFRDGTYEQYF,10,3,2
CASSDALQETQYF,20,0,0
CASSQALPYEQYF,20,0,0
CASSPDYDQETQYF,20,0,0
CASSHRTGGETQYF,13,3,2
CASSPREGGETQYF,13,3,2
CASSARGGGNNEQFF,27,3,2
CASKRNTGELFF,13,3,2
CSARDRQASSYNEQFF,4,0,3
CASGRIAGELFF,13,3,2
CASRPGWMAGGVELYF,13,3,2
CASSLYPGANTEAFF,32,1,4
CSARDLTSGANNEQFF,32,1,4
CASSLFAGAETQYF,32,1,4
CASSFQGIRVEAFF,2,3,2
CASSPGTGVEQYF,2,3,1
CAISVSGTRVYNEQFF,22,1,2
CASNPSAGTLYNEQFF,22,1,2
CASSFFGNQPQHF,30,1,1
CASSLKAGNQPQHF,30,1,1
CASSQDFGRTQYF,15,4,2
CASSQDFAGGSYEQYF,24,4,2
CASSFRFTDTQYF,3,0,3
CATSDLRRTDTQYF,3,0,3
CASSFRGGKTQYF,3,0,3
CASSHERDRDTGELFF,27,3,2
CASREGDINTGELFF,27,3,2
CATGTGDSNQPQHF,16,1,1
CASSTGDSNQPQHF,16,1,1
CASGTGDSNQPQHF,16,1,1
CASSFGREQYF,12,2,2
CASSMGGEQYF,17,2,2
CASSLGRGQFF,12,2,2
CASSVRYEQYF,12,2,2
CASSGSSGGRTDTQYF,12,2,2
CSVEEGVLYEQYF,10,3,2
CSAREGVNTEAFF,10,3,2
CASSIVGGMNTEAFF,13,3,2
CASSQGVGENTEAFF,13,3,2
CASSPYGGPGNTIYF,13,3,2
CASSLNPGRSDSPLHF,12,2,2
CASSLGHGRSSYEQYF,12,2,2
CASTQSPLAGNEQYF,0,4,2
CASSLDSQSSGNTIYF,0,4,2
CASSAETQYF,17,2,2
CASSQETQYF,17,2,2
CASSYNEQFF,17,2,2
CASSRLAGGMDEQFF,26,1,4
CASSGLAGGMDEQFF,26,1,4
CASSELAGGGDTQYF,26,1,4
CASSPREAGGISGYTF,26,1,4
CASSTDLATGAYEQYF,24,4,2
CASSIDLAGGSYEQYF,24,4,2
CASSFSPTAQGLEQYF,20,0,0
CASSSPGASTYEQYF,20,0,0
CASSPGQGVYEQYF,32,1,4
CASSGVGSGRPNSYNEQFF,12,2,2
CASSPGGELFF,17,2,2
CASSYTGELFF,17,2,2
CASSDPGTEAFF,17,2,2
CASDSNTEAFF,17,2,2
CASSQPSQGGRLEQYF,17,2,2
CASSLVGTGELFF,32,1,4
CASSLVGATAFF,32,1,4
CASSLGREETQYF,26,1,1
CASSKGSVAPGELFF,4,0,3
CASSEGQVSPGELFF,4,0,3
CASSKGLAVDYTQYF,4,0,3
CASSYSGTGDYGYTF,7,1,4
CASSYQTGAAYGYTF,7,1,4
CASSYWQGELFF,6,2,1
CASSYRSSYEQYF,4,0,3
CASSPGYGSSGNTIYF,4,0,3
CASSLEREGRGEQFF,11,1,4
CSASLERMNTGELFF,11,1,4
CASSLGTGELFF,2,3,1
CASSFGTGEAFF,13,3,2
CASSLGHTEVFF,2,3,1
CASSHQTGELFF,2,3,1
CASSPLRGVYYNEQFF,27,3,2
CASSLEGGYYNEQFF,27,3,2
CASSPGLTYPGELFF,9,4,2
CASSQGLAGAGELFF,9,4,2
CASSLGGDIQYF,15,4,2
CASSSLTGSGQPQHF,15,4,2
CASSLIRTWDEQYF,13,3,2
CASSLGGTGWTEAFF,27,3,2
CASSPLTGTGVYGYTF,27,3,2
CASSYNIAGELFF,22,1,4
CASSFNMATGQYF,22,1,4
CASSTWSQNTGELFF,1,4,2
CASTNSGNTIYF,1,4,2
CAWSVSVGAGVPTIYF,16,1,1
CASSVGGISPLHF,16,1,1
CASSPTLVTSGNTIYF,24,4,2
CASSQNSVGSYNEQFF,24,4,2
CASSLEGQGASEQFF,5,2,2
CASSDGIGQGASGYTF,5,2,2
CAISEEGQGRDEQFF,5,2,2
CASSSHDRQGASSPLHF,5,2,2
CASSIDLTSGVYNEQFF,9,4,2
CASSIDLASGTTYEQYF,9,4,2
CASSFQGYTEAFF,32,1,4
CASSEETGNQPQHF,30,1,1
CAISEVGVGQPQHF,30,1,1
CASSFLATNEKLFF,11,1,4
CASSIVAGGYNEQFF,11,1,4
CASSPPGPTGRGWYDTF,27,3,2
CASSPPGRGNTGELFF,27,3,2
CATSRDRGWSNQPQHF,6,3,1
CASSHRDRGISGANVLTF,6,3,1
CASSSIPDFNTEAFF,1,4,2
CASSFLGLNEQFF,32,1,4
CASSQIRETQYF,16,1,1
CASSLERETQYF,16,1,1
CASSLIGNEQFF,16,1,1
CASRGQGFSYEQYF,20,0,0
CASRRQGTVYEQYF,20,0,0
CASTAQGFSNQPQHF,20,0,0
CASSLSRLAGDYTGELFF,15,4,2
CASSLAGDYEQYF,15,4,2
CASYWGLAVNEQFF,6,3,1
CASMARTSGDNEQFF,33,1,2
CASSFLMTSGDPYEQYF,33,1,2
CASSLMTNQPQHF,16,1,1
CASSVGGAQPQHF,16,1,1
CASSYSGHVYEQYF,22,1,2
CASSIDGTAYEQYF,22,1,2
CASSVEVGTGDNEQFF,30,1,1
CSANPEGPYEQYF,11,1,4
CASSLRPDPPYNEQFF,11,1,4
CAISESRSRVTDTQYF,23,3,2
CATSDSTSGGTDTQYF,23,3,2
CASSFQTGASYGYTF,14,1,2
CASSYQTGASYGYTF,7,1,2
CASSPKTGASYGYTF,14,1,2
CASSIQQGADTQYF,14,1,2
CASSYQTGTGNYGYTF,27,3,2
CASSPQTGVGNYGYTF,27,3,2
CASSNVPDMNTEAFF,1,4,2
CASSMVPDMNTEAFF,1,4,2
CATSTVPDYNSPLHF,1,4,2
CAWSVPLGRREKLFF,29,4,2
CASSLPPRNTEAFF,29,4,2
CASSYQGTEAFF,2,3,1
CASSLMGNTEAFF,26,1,4
CASSLIYPGELFF,26,1,4
CASSQVRGRGEQYF,11,1,4
CASSDAPGQLYF,33,1,1
CASSPASGSLFF,33,1,1
CASSLAQGQPQHF,33,1,1
CASSPRTSFETQYF,9,4,2
CASSQTTSVNTEAFF,9,4,2
CASTGGGALGTEAFF,9,4,2
CASSMGTVYLNTEAFF,9,4,2
CATSDLLAGGKTGELFF,24,4,2
CSVVDYGYTF,24,4,2
CASSVASGTDTQYF,24,4,2
CASSSSPRGDTQYF,3,0,3
CASSLHDRGSRTEAFF,11,1,4
CASGQGALADTQYF,27,3,2
CATSRDGAGLVNQPQHF,27,3,2
CASSPSELAGGRLDTQYF,26,1,4
CAISELVTGDSPLHF,26,1,4
CASSINRDLLNGYTF,3,0,2
CASRPRDPVTQYF,3,0,2
CATSEGNEQFF,21,1,4
CATSALGDTQYF,15,4,2
CSGDRSSDTQYF,15,4,2
CASSMRSADTQYF,18,0,3
CASSIRSEDTQYF,18,0,3
CASSIRSAHEQFF,18,0,3
CASSLRLVAGRSYNEQFF,24,4,2
CASRLVSGTDTQYF,24,4,2
CASSADSYGANVLTF,21,1,4
CASSEDSGGYNEQFF,21,1,4
CASSQSSGGGRSEAFF,12,2,2
CASSQAQGMGNSPLHF,12,2,2
CASLPTGTNTGELFF,27,3,2
CASSVERGRNTGELFF,27,3,2
CASSLVTGTGKYGYTF,27,3,2
CASSLLGGAGTGELFF,27,3,2
CASSEPIGTGGNQPQHF,27,3,2
CASSLIGRDEQFF,28,1,1
CASSSPGGVSTEAFF,28,1,1
CASSNFLGQGDEKLFF,3,0,2
CASSRGQGPGQETQYF,3,0,2
CSARDRVGNTIYF,11,1,4
CSARDGTGNGYTF,11,1,4
CTCSADRVGNTLYF,11,1,4
CASSYQSGNTEAFF,1,4,2
CASSLGRASNQPQHF,15,4,2
CASSLYRGSNQPQHF,15,4,2
CASSSLPGGGVDTQYF,26,1,4
CASSVTGTEADEQFF,26,1,4
CASSLWKGAGYTF,26,1,4
CASSEFRTRGYTF,26,1,4
CASSSGATEAFF,17,2,2
CASSSLNTEAFF,17,2,2
CASRARVLDEQFF,31,0,3
CASSVRASDEQYF,31,0,3
CATSSGDLSSGANVLTF,0,4,2
CASSQDRGTGAYGYTF,27,3,2
CASGLLTSGSINEQFF,32,1,4
CASRLMPGSTYEQYF,32,1,4
CASSPSQTSGGRTDTQYF,32,1,4
CASREDGASGSPDTQYF,33,1,2
CASSIDYPSGVQETQYF,33,1,2
CATTPGASGISEQFF,33,1,2
CASSPTPGDPHYGYTF,3,0,2
CASSLGEKLFF,12,2,2
CASSAGNTIYF,12,2,2
CASRMTGGKTNEKLFF,22,1,2
CASSPLDVSISSYNEQFF,4,0,2
CASSASAEFSSYEQYF,4,0,2
CASSPAPSASSYEQYF,4,0,2
CASSEGDTEAFF,6,2,1
CASSRGDTEAFF,6,2,1
CASSIRRIDPYNEQFF,31,0,3
CASRYRDDSYNEQFF,31,0,3
CASKMRGDVYEQYF,31,0,3
CASSRDLNEQFF,5,2,2
CASREGLGGTEAFF,27,3,2
CASRVGAGNTEAFF,27,3,2
CASSLAGAGNEQFF,10,3,2
CASSVDSGSTNEQFF,0,4,2
CASSLNNANSDYTF,5,2,2
CASSIDAGSNYEQYF,24,4,2
CASSIRASYEQYF,31,0,3
CASSIRSSYEQYF,18,0,3
CASSLSRALNNQAPLF,5,2,2
CASSLWSAGVHNEQFF,24,4,2
CASSRQESYGYTF,31,0,3
CSANPRDESYNEQFF,31,0,3
CASSHGTGYNQPQHF,5,2,2
CASSPRDRARGDEQYF,21,1,4
CASSSRDRGLGTEAFF,21,1,4
CASSSSWADTQYF,3,0,3
CASSTRGGGDAKNIQYF,20,0,0
CSARGGSYNSPLHF,16,1,1
CASPGETEAFF,17,2,2
CASSRTSPTDTQYF,24,4,2
CASSRSLTDTQYF,24,4,2
CASSPADPFSNTQYF,24,4,2
CASSSGGLSEQYF,28,1,1
CASSVEAGPNEQYF,11,1,4
CASSLWQGGQPQHF,30,1,1
CASSQARDPQGILHF,3,0,2
CSAADRGLGETQYF,27,3,2
CASSRDRTGRANYGYTF,27,3,2
CASSQDRGLAGGTYNEQFF,25,3,2
CSARDRGGENTGELFF,25,3,2
CASGDAWGYEQYF,2,3,2
CASSMGGTYEQYF,29,4,2
CASSTGRYYEQYF,29,4,2
CASSEGYIYEQYF,29,4,2
CASSMGGNPEQYF,29,4,2
CASSPSWGEVNTEAFF,22,1,2
CASSYSKMTAYNSPLHF,22,1,2
CASSSRSSYEQYF,18,0,0
CASSSFYDSNEKLFF,18,0,3
CASSIRSTGELFF,18,0,3
CASSLGTSFRTDTQYF,8,0,2
CASSQQTGTIGGYTF,21,1,4
CASSSHDTGGYNSPLHF,21,1,4
CASSSRGSGGASSYEQYF,12,2,2
CASSPGTSGVGEQFF,9,4,2
CASSPPGTSGGRNEQFF,9,4,2
CASSPSSVADTQYF,3,0,3
CASVSGQGVSPLHF,30,1,1
CSARDGQGSSPLHF,30,1,1
CASSQDRDRGPDEKLFF,23,3,2
CASRSAGHQETQYF,22,1,2
CSARDHGGDYGYTF,22,1,2
CASSYTVQPYNEQFF,4,0,3
CASSSQGWGRVYSEQFF,13,3,2
CASRPGLMSAQPEQYF,16,1,1
CASSLNSGLYNEQFF,32,1,4
CASSWRTGNSGELFF,14,1,2
CASSSGVGTEVFF,2,0,0
CATSIDRGREKLFF,21,1,4
CASTEPRGTEAFF,29,4,2
CASSVVGYLGYTF,26,1,4
CASSVAGLGGNTIYF,10,3,2
CASSHTSGNGDTQYF,23,3,2
CASSLRDGSNQAPLF,15,4,2
CSARLPRDYSNQPQHF,15,4,2
CASSIVGGNEQFF,32,1,4
CASSKQGGNIQYF,32,1,4
CASSIGHNTGELFF,25,3,2
CASMGNSAGANVLTF,10,3,2
CAAWDDSLNGWVF,1,4,2
CASRGGRVAGADTEAFF,8,0,2
CAWGTLATEQYF,8,0,2
CASSLEAVSIHGYTF,20,0,0
CAISGQAVSTDTQYF,20,0,0
CASSDSDGSGELFF,0,4,2
CASSLSQGDQPQHF,7,1,4
CASSLSQGIQNIQYF,7,1,4
CASSDTVSYEQYF,20,0,0
CASSDWVSYEQYF,20,0,0
CASSPVGGDYGYTF,22,1,2
CASSQARTAYEQYF,22,1,2
CASSIALSDNYGYTF,4,0,3
CASSLWLNEQFF,16,1,1
CASSLAPGTTNEKLFF,22,1,2
CASSFRDYGNYEQYF,1,4,2
CASSRDFYAYNEQFF,22,1,2
CSANSRTGLGYTF,11,1,4
CASTSVRDRLEKLFF,18,0,3
CASTGGLGYTF,29,4,3
CASNRGDGYTF,29,4,2
CASSTGNYGYTF,29,4,3
CASSLALGVAKNIQYF,11,1,4
CASSLWEKLAKNIQYF,11,1,4
CASSQERKAGGPTEAFF,5,2,2
CASSWDRAGNTLYF,11,1,4
CASSIQKAGYNEQFF,11,1,4
CASSESQTGDYEQYF,7,1,4
CASSLERDGYTF,15,4,2
CASSLEGSYEQYF,15,4,2
CASRRPGGDTEAFF,20,0,0
CSARRSDRVNTEAFF,20,0,0
CASSPSMRSGLAEAFF,6,2,1
CSVEGDTGELFF,4,0,2
CASSQERDRRAVEKLFF,4,0,2
CASSQDPGGTEAFF,11,1,4
CASSQDSGRGELFF,11,1,4
CASSQDKTTGELFF,11,1,4
CANSQPGGIEQFF,11,1,4
CASSPSGTGANEQFF,7,1,4
CASSPSEGLNTEAFF,7,1,4
CASSDSYGYTF,0,4,2
CASSLDRVSVNTEAFF,9,4,2
CASSFSGSLTTEAFF,1,4,2
CASSIAGSAYEQYF,1,4,2
CASSQVRLNTEAFF,11,1,4
CASSDNRVWTEAFF,11,1,4
CASSLETVNTEAFF,11,1,4
CASSRSLNVNSNQPQHF,24,4,2
CASSPPRSEAFF,17,2,2
CASSPRREQGDTQYF,5,2,2
CASSQIRETGSPLHF,5,2,2
CASSLAREYSPLHF,5,2,2
CASSDWGDTGQLYF,18,0,3
CASSWWDTGELFF,18,0,3
CASSVSRDRNGELFF,19,0,3
CASSHDPTWGPGNTIYF,28,1,1
CASSQDPPGRLGKLFF,28,1,1
CASKGQGARDGYTF,3,0,2
CASGDASGAETLYF,10,3,2
CASSQVAGGAGGPREYNEQFF,8,0,2
CASSLYGPGGVGQPQHF,8,0,2
CASSSGTSGSGSYNEQFF,3,0,2
CASTGSVSTDTQYF,3,0,2
CASSSLRGSNQPQHF,15,4,2
CASSLAEKANTGELFF,11,1,4
CASGWGSQPQHF,16,1,1
CASGQGQETQYF,16,1,1
CASSGRDRDLVEQYF,4,0,2
CASSESAGHKAFF,24,4,2
CASSLSAVHGYTF,24,4,2
CASSLQGIGAKNIQYF,23,3,2
CASSFQGSNEKLFF,3,0,2
CSAIDFPMGNEQFF,6,3,1
CASSPARNTEAFF,29,4,2
CASSTRRNTEAFF,29,4,2
CASRRGPYEQYF,5,2,2
CASRRGSAELYF,5,2,2
CASSVGLGFTDTQYF,23,3,2
CASSISAGVGVGQETQYF,23,3,2
CASSQGQGIADTQYF,23,3,2
CASRQENSGNTIYF,9,4,2
CSARDMASGRNEQYF,9,4,2
CASSDSTSGGNEQFF,18,0,3
CASSSWDTGELFF,18,0,3
CASSSVNEQFF,17,2,2
CAWSETGLGTGELFF,19,0,3
CAWSETGLGMGGWQF,19,0,3
CASSSETELLYYGYTF,19,0,3
CSAGVGGQETQYF,13,3,2
CASSLEVTGLNTEAFF,13,3,2
CASSPGEGMLVSEAFF,26,1,4
CASSPPRNMEPSYEQYF,26,1,4
CASNPAGGAGLGYGYTF,27,3,2
CASTYHGTGYF,27,3,2
CASSLGVEELFF,2,3,0
CASKRTATYEQYF,1,4,2
CASSGRTGNTEAFF,1,4,2
CASSPVTGGIYGYTGF,27,3,2
CASFSPRVYEQYF,22,1,2
CASSGRGFLNYGYTF,27,3,2
CASSWGGGEQYF,13,3,2
CASKMGAEAFF,22,1,2
CASSSSGGGAGDTQYF,23,3,2
CASSLNFVGLNQPQHF,23,3,2
CASSLMANQPQHF,33,1,1
CASSDPGVDRNTEAFF,1,4,2
CASRIYAGSPYEQYF,32,1,4
CASSQEVETQYF,16,1,1
CASSYRGLSGELFF,20,0,0
CASSGYTGELFF,6,3,1
CASATSGTYYEQYF,22,1,2
CASSTRSTGELFF,19,0,3
CASSMRSTGELFF,18,0,3
CASSRGTIHSNTEVFF,29,4,2
CASRENRASNTEAFF,29,4,2
CASSLRGQGFYEQFF,10,3,2
CASSQVGQNLYEQYF,10,3,2
CASSQVVAFGDTQYF,5,2,2
CASRAWGREGEKLFF,23,3,2
CASSGLAGGPVSGANVLTF,27,3,2
CASSLGTLQPQHF,16,1,1
CASSLVVMGTGFTDTQYF,27,3,2
CAIANRGTEAFF,29,4,2
CASTVNRGSEGYTF,29,4,2
CASSLSGVPHNNEQFF,9,4,2
CSVGSGGTNEKLFF,10,3,2
CASSPGLPEYF,28,1,1
CSARDSGLSHGEQFF,22,1,2
CASSEILGMNTEAFF,13,3,2
CASSVEIAGRYNEQFF,13,3,2
CASSQRQEGDTQYF,24,4,2
CASSPNPQGANMDTQYF,14,1,2
CASSQYSNQPQHF,16,1,1
CASSSPRVAGRPDTQYF,5,2,2
CASSRDSNSNQPQHF,0,4,2
CASSQHDRGFSTEAFF,12,2,2
CASGDAGGGYEQYF,10,3,2
CAGQVTNTGELFF,10,3,2
CASSARSGELFF,6,3,1
CASSVGQGKAFF,6,2,1
CASSQTRTSGRVDPDTQYF,8,0,2
CASRKLAGPTDTQYF,8,0,2
CQAGDTEAFF,4,0,2
CASSQAPSMEPNEQFF,4,0,2
CASSQAGSLENSPLPLL,4,0,2
CASSSVSEAFF,17,2,2
CASSLPAGQETQYF,32,1,4
CASSLDIPSYNEQFF,18,0,0
CASSLIGEETQYF,16,1,1
CSVWVGREQETQYF,29,4,2
CASGFTGGRNTEAFF,10,3,2
CASTHGTSGEDTQYF,33,1,2
CSVAGQGDDHTDTQYF,15,4,2
CASSPTNPAGDTETQYF,24,4,2
CASRIELPGAGELFF,10,3,2
CSVDPGHTGEKLFF,13,3,2
CASSLAYILGLGDEQFF,27,3,2
CAISEWDSPTLNSPLHF,1,4,2
CASSLVAETYEQYF,15,4,2
CSVALGSDTGELFF,1,4,2
CSARGQDIYEQYF,1,4,2
CASSTGFYGYTF,19,0,3
CASSEARQGLDTEAFF,4,0,2
CARAFESGANVLTF,32,1,4
CASSDREGGPHEQYF,13,3,2
CASSSVNVAFF,17,2,2
CASSPGQLQETQYF,9,4,2
CASSFKDTNTGELFF,1,4,2
CASSLDRPSGMAAETQYF,1,4,2
CASSVGTLYSGANVLTF,9,4,2
CSVEEGSRAQYF,5,2,2
CSARPRRSAGELFF,31,0,3
CASSTLQGADQPQHF,14,1,2
CASSIGVYGYTF,19,0,3
CSARDPAPEETQYF,9,4,2
CAISEQEDQPQHF,30,1,1
CASGTEAFF,7,1,4
CASSPPARDRDHEQYF,3,0,3
CASSIRSAWAQYF,18,0,3
CASSVFGVQRGFGTDTQYF,10,3,2
CASRTRGGTLIEQYF,27,3,2
CASSGGHTGSNEQFF,8,0,2
CAWSINSAEAFF,18,0,3
CASSVEGGGAQETQYF,23,3,2
CASSPGSSGRLGEQFF,28,1,1
CASSLASGHRPTDTQYF,7,1,4
CASTPYRRGPHLYGYTF,11,1,4
CASSTPSSYNEQFF,1,4,2
CASSLAGTGGRFSYEQYF,8,0,2
CASSSGLAGVETGELFF,32,1,4
CASSQETGSASQHF,15,4,2
CASSQETGSYEQFF,15,4,2
CASSFVSFDEQFF,3,0,3
CASSYYRLAGELFF,20,0,0
CASSVEGIDEKLFF,2,0,0
CASSQETGSYEQYF,15,4,2
